--
-- Script was generated by Devart dbForge Studio 2022 for MySQL, Version 9.1.21.0
-- Product Home Page: http://www.devart.com/dbforge/mysql/studio
-- Script date 17-01-2023 23:18:07
-- Target server version: 8.0.31
-- Target connection string: User Id=root;Host=localhost;Port=3307;Database=airdb02;Character Set=utf8
--



SET NAMES 'utf8';
USE airdb02;
--
-- Delete data from the table 'flightaircraftinstance'
--
TRUNCATE TABLE flightaircraftinstance;
--
-- Delete data from the table 'flightseatprice'
--
DELETE FROM flightseatprice;
--
-- Delete data from the table 'aircraftinstance'
--
DELETE FROM aircraftinstance;
--
-- Delete data from the table 'flight'
--
DELETE FROM flight;
--
-- Delete data from the table 'schedule'
--
DELETE FROM schedule;
--
-- Delete data from the table 'aircraftseat'
--
DELETE FROM aircraftseat;
--
-- Delete data from the table 'client'
--
DELETE FROM client;
--
-- Delete data from the table 'airport'
--
DELETE FROM airport;
--
-- Delete data from the table 'aircraft'
--
DELETE FROM aircraft;
--
-- Delete data from the table 'travelclass'
--
DELETE FROM travelclass;
--
-- Delete data from the table 'flight_status'
--
DELETE FROM flight_status;
--
-- Delete data from the table 'country'
--
DELETE FROM country;
--
-- Delete data from the table 'aircraftnamufacturer'
--
DELETE FROM aircraftnamufacturer;

--
-- Inserting data into table aircraftnamufacturer
--
INSERT INTO aircraftnamufacturer(aircraft_manufacturer_id, name) VALUES
(152553616, 'J'),
(1974187127, 'K1'),
(1759438766, 'E'),
(1687117097, '7U'),
(1472368732, 'KXI'),
(1974187128, '020499C3L1XC'),
(1759438767, 'DT358'),
(841997797, '9R8A'),
(1687117098, '3Q683084'),
(367301982, '6YQV498J6'),
(1472368733, 'UH'),
(627249432, 'K9W'),
(1974187129, '61M31M43A80'),
(2147483647, 'W2K742SJG'),
(1759438768, '15W8I1ZC4'),
(1274549589, 'DTB'),
(841997798, 'XB'),
(627249433, 'B720206WQ19D2VYC568N45PIGRU7X'),
(152553617, 'B39F0R'),
(1059801224, 'PBC50'),
(841997799, 'SN'),
(627249434, 'UKX6'),
(367301983, 'XZ844H5'),
(152553618, '357Z'),
(1687117099, '68675SL8048'),
(1274549590, '2D6O'),
(841997800, '0Z'),
(627249435, '2TDNV487'),
(1059801225, '9'),
(1974187130, '24N'),
(1274549591, 'J917VZ'),
(1472368734, '2I910YC4156S94S7QQ7S00'),
(1759438769, 'U2V4I3HJ1'),
(367301984, '0Z0PZ'),
(1974187131, '47CCJB393N37'),
(841997801, '9'),
(1687117100, 'XS5'),
(627249436, 'YG8IO8X3'),
(1059801226, 'UCNSYJI7JTB7S3S'),
(1472368735, '25B4C8B2C10'),
(1759438770, 'W'),
(841997802, 'VLFM1I6DU78N99C48EM150C9'),
(1687117101, '4'),
(152553619, 'I0NLD7198'),
(1274549592, 'VV28Q9T'),
(1974187132, '19B375C45RWB6SNZ822F6'),
(1059801227, '553HV5ZR'),
(1274549593, '5NCU72KE690336ZID8IUDDO9G759W5ITJC0JTOWFM8DKS'),
(1472368736, 'F72J43YV0D'),
(1687117102, 'JZZ9BOAPI982ALJ7');

--
-- Inserting data into table country
--
INSERT INTO country(iata_country_code, name) VALUES
('6A', '8641HE7A'),
('A', 'FW1'),
('26', 'VJL1C8EW4G'),
('SY', '313H54Y2'),
('RZ', 'K'),
('8S', 'S'),
('04', 'CNS345E1'),
('XL', '8HO37B'),
('Z6', 'G3102I'),
('U7', 'HOR3I08'),
('8I', NULL),
('5', 'NG1'),
('J', '9O'),
('NS', NULL),
('XI', 'TQ1UP2XZ'),
('0', '92II0'),
('M', 'A'),
('R', '3'),
('C', 'A030A'),
('UG', 'TP86N'),
('CJ', 'U486W484M2KCO2TGQWZCR4JV97G1AJ'),
('Q8', 'X2F7S12EN'),
('MF', '290K5625VQ8'),
('6S', NULL),
('71', 'Q4DVLE6VW3SQS08TF83E36V5'),
('9X', 'YV'),
('9C', 'Y4U5D4K5'),
('Q', 'W'),
('9', '99L410'),
('4', 'F6W'),
('JV', 'IXY3909IQ2UYBZCG'),
('LU', 'C'),
('61', 'KYS'),
('Z', '3'),
('E', 'B12NR3EWW5YZY96'),
('35', '2VS2OH65'),
('N', NULL),
('YN', '4XM935QV0C'),
('10', '5LL0A3T5U24RKU06Y693'),
('DU', 'M352'),
('L', 'K9TL6LSN'),
('7K', 'RAMDQ2465806422575'),
('ER', '5Z55'),
('H0', 'V2V77UNNYXU7RG723X9'),
('Y', 'X0544NF0'),
('3', '796IK0J'),
('RH', 'IR18X'),
('2', '6Q0ZI36S4H'),
('PK', '2WM41B7WT68NA33734L875IS7BYJ'),
('P', NULL);

--
-- Inserting data into table flight_status
--
INSERT INTO flight_status(flight_status_id, name) VALUES
(525212433, 'Z87TV556YP4NK2P98'),
(2147483647, 'I580SB391D4PVG07FC3W3'),
(739960799, '216QVI2U1NFY'),
(2133451067, '37WT'),
(1136583285, 'QKDTON691U27KCS7'),
(1918702706, 'O1VFW3B2OFX2'),
(2133451068, 'Q55MM151609Z566J'),
(1918702707, '5N'),
(525212434, 'XZ07'),
(739960800, '59L299H2K3SI2'),
(1572886117, 'X'),
(2133451069, '01L'),
(921834920, 'M4H0'),
(525212435, '6'),
(40, '2645FQ04F1546'),
(1136583286, '1Q0801508J0676F77710BYI77A291'),
(921834921, '1F15V6V89HOO'),
(739960801, 'G'),
(1358137752, '33TS'),
(1918702708, '0IZ0V30LIZ8B'),
(525212436, '89'),
(2133451070, 'YZ1W0H4279594W3NS'),
(1572886118, '3BMM39LACK948'),
(739960802, 'KR'),
(1136583287, '08P7T'),
(921834922, '6124523F4W4O'),
(1918702709, '5140K1U4E9I4757G4V88V463KPZ5VB17EJ21Y1'),
(214748406, 'H'),
(525212437, 'Y7VJN3'),
(1358137753, '4X3073'),
(1136583288, 'O06YN7511'),
(1572886119, 'G91OOV376'),
(41, 'DX65'),
(921834923, 'W5EIB43I1'),
(1358137754, 'OLJHM83N51OIV2S3'),
(739960803, 'BN40DF5R75KH14HK8'),
(2133451071, '57YIMF84'),
(1136583289, 'ULNWC3'),
(214748407, '4'),
(42, 'HI'),
(1572886120, '04'),
(1358137755, '2MG2'),
(921834924, '72888W2H6Z3'),
(525212438, 'TO'),
(1136583290, '2150L'),
(1572886121, 'G'),
(739960804, 'CT19'),
(214748408, '7'),
(1918702710, '55NDBP37'),
(921834925, '6S9EBF');

--
-- Inserting data into table travelclass
--
INSERT INTO travelclass(travel_class_id, name, description) VALUES
(2072244546, 'Economy', 'N7LF2HW85TM'),
(1242179668, 'Economy', '5J4G3W387FLO9RX0KDW4PN8NW2KZ825NRMKFQM2M3RZX32768PQ89WF0'),
(442727250, 'Economy', 'GI4536WMZG73O3C5H7C'),
(1027431303, 'Business', '48YH15AO6'),
(657475616, 'Economy', '303'),
(1242179669, 'Business', NULL),
(1297297907, 'Economy', '18X6694'),
(1512046273, 'Economy', '638'),
(1857496185, 'Business', '98W28LI079507Q5KFR08DX0HE53957G537G878'),
(442727251, 'Business', 'EIB9U69LZZ81A5THPKLPH02O'),
(1297297908, 'Business', 'ZWW4O5230Z8JC7O3A60W3C12XD2F834F2IXRU4HBCE5HIN069P0P9X239TH03050K2FM004755YK2JOPBW7TDM9QUVJHO57362FMH5D3396NC3O8P401G8871356CGSKJU4P652ZVLVCD9EI1B2154C1X6XRS0695'),
(1027431304, 'Business', '8941UME09P629'),
(1512046274, 'Economy', 'WO5C8'),
(326231135, 'Economy', NULL),
(1297297909, 'Business', 'G1S3OMZZ'),
(111482770, 'Business', NULL),
(1512046275, 'Business', 'J2A64C57894Q54618AMFH5GD3J31D72109D473X29AC3'),
(1297297910, 'Business', '4701TK1V58EEVT60U5T2H736KTT7TP50G5XCO82N2435PVQ52X4CAT1I1WR83O'),
(326231136, 'Business', '57LV388QHI5A513HS4O1'),
(1242179670, 'Business', '71U'),
(111482771, 'Business', 'F1GCS600JC6ZIF9B1T9A3L6M9944AM'),
(1027431305, 'Economy', 'M3M1ILF9MW2FL52HK6K76W84TOL8I4DDW'),
(326231137, 'Business', '8UCGY54102N9NR75CQHHMJHC1'),
(657475617, 'Business', 'V4266GSXR9W22U025TAH2Q'),
(2072244547, 'Business', NULL),
(1512046276, 'Business', '3'),
(442727252, 'Economy', '595245ZMR6LU363965VF'),
(1857496186, 'Business', 'BO0HA28INIB1XH3J947J7T2K134479T7719MU8R521Z92AN3V05VT158Z7B0'),
(111482772, 'Economy', 'T5UHWZMJQG6RLLOK7107KS33AU06655N'),
(326231138, 'Economy', 'P1JYN90E7D46IBK13ZO173H0I16T25UB54TKHC9TL'),
(1242179671, 'Business', 'ALT9PX6F'),
(1297297911, 'Business', 'LJQ6TROSR'),
(111482773, 'Economy', '7MU6'),
(326231139, 'Business', '421D3WE97J8FN9OQA3B'),
(2072244548, 'Business', '925FAV1T0S5H12O2283N3N3XMDZTOJFINQ0I2625W48CX6138O'),
(1512046277, 'Economy', 'B0KJ186VPN838OK9O89TJJ0E40'),
(1297297912, 'Economy', '57QPNYQT5Z'),
(1512046278, 'Business', 'ET2LRTO'),
(1857496187, 'Economy', '0E2TQ'),
(111482774, 'Business', 'BFX'),
(2072244549, 'Economy', 'UIUY70Q80QQ045R40635K4E7V52S9C328N6074L'),
(1027431306, 'Business', '5478333FD5F2W812UBK66X76ITK'),
(1242179672, 'Economy', 'Z2OA9M71684ON8427S1AENBMNM6GA5'),
(326231140, 'Business', '04A910201Q'),
(1857496188, 'Business', '0WFDL25H8PJSK0W6QH'),
(111482775, 'Economy', '5011JG'),
(326231141, 'Economy', '1V3D3LZP4MJ6TO'),
(1297297913, 'Business', '5Z3A0F08UHUFHKL0U961SA270F26F737R97GW49188VCA06877RUYY0PZ9K3RWSI520K38E9407UW15TAQ'),
(1512046279, 'Business', '8Y8726RT145DSMS36D7S4M996K3TR4VMHHT4543JV246WECJ39N3249R5OMV9CC2L6O'),
(1027431307, 'Business', 'X5D45880KJ08V33W38P025UNK6IOKD');

--
-- Inserting data into table aircraft
--
INSERT INTO aircraft(aircraft_id, aircraft_manufacturer_id, model) VALUES
(548150612, 1059801225, '00A848'),
(1083565138, 152553618, 'KWUQ74'),
(2147483647, 1274549590, 'T'),
(762898978, 1974187127, '3NO40J'),
(1908000232, 1974187129, 'EX'),
(1518311403, 1687117098, '3LQ8'),
(868816773, 1274549591, 'SI15'),
(548150613, 1687117102, 'W4575I527T'),
(762898979, 1974187128, 'R7'),
(1303563038, 1974187132, 'D80X'),
(2122748594, 1759438769, 'E9DL2Q5'),
(548150614, 1472368735, '07C026274Y7E8W7RHCC'),
(1083565139, 152553617, '5M970G3PJQ'),
(1518311404, 152553619, 'O10XA'),
(762898980, 2147483647, '4X306P4'),
(548150615, 1687117099, '4G'),
(762898981, 1059801224, 'U1J'),
(548150616, 841997801, '34'),
(1908000233, 1274549589, 'HN4N3'),
(1303563039, 1274549589, 'USVDCUE7'),
(1518311405, 1687117097, '20Y0'),
(868816774, 1059801225, 'KC'),
(1303563040, 1759438769, 'ZD65Y4N545K4X'),
(1083565140, 367301982, '0R7Y67CR71T6RNOR'),
(2122748595, 1974187130, 'E85J6W'),
(762898982, 627249436, '5W4CL4223'),
(1518311406, NULL, NULL),
(1303563041, 1687117098, 'I7H'),
(868816775, 1974187129, 'DXG4M0URM6UI'),
(432, 1759438767, 'XN059MTLU99367KD9216JD'),
(1083565141, 367301983, '8VU80I57Q'),
(868816776, 1974187130, 'U41H49'),
(1083565142, 1687117099, '474I0WHI'),
(548150617, 1974187132, 'O7SGD3428T'),
(762898983, 1759438770, '1A'),
(214748798, 1472368735, 'FZ'),
(548150618, 1759438768, '161'),
(1518311407, 627249434, '240M8'),
(1303563042, 1687117097, 'S34I017R290M4J'),
(868816777, 1759438766, '504'),
(433, 367301983, 'LMN3ON2'),
(1908000234, 1059801225, 'P7TJ382317'),
(1083565143, 1472368734, '2J2Y2'),
(868816778, 627249434, 'LJQ5L613MF3Z'),
(762898984, 1687117098, '67O4'),
(1083565144, 367301984, '3V2009C'),
(214748799, 1472368734, '6D1TS5'),
(548150619, 1974187128, '1'),
(2122748596, 627249434, '73UQ6Q'),
(762898985, NULL, '56X8');

--
-- Inserting data into table airport
--
INSERT INTO airport(iata_airport_code, name, city, iata_country_code) VALUES
('LQY', 'K18TQ71R127Y96A', '1ZP9U3B3F1RQ', 'Q8'),
('JG2', '0', 'JI', '6A'),
('O', 'C', 'FK8X093O5A829B', '9C'),
('GIZ', 'E', '073L', 'Q8'),
('Q37', 'D6HJ1Y5ZP94J8170ZA9K25FD', '629L3W6', '10'),
('62', '2356R', '3', '4'),
('2', '3IKV7PC6AW', 'C', '3'),
('51S', '4J', '26G8ZY369', 'YN'),
('9', 'TZ7680V', 'V', 'M'),
('C27', '79', 'Z6H71', '3'),
('G7Q', 'DT', 'U', '2'),
('Y2', '3T6IDJVR', 'HWAW9C', '0'),
('MG', '6K', '5BW', '26'),
('38', '5VITG9172L90A1UZJ', 'Z', 'U7'),
('E96', '72', '0T3', 'ER'),
('0', '54E9H52', '3', 'RH'),
('Y0K', '83S4PV2MVB', '9', 'MF'),
('2A5', '16', '16N679N42QI98LYA9', 'XL'),
('C', '7A02184EMA9C75QXI', 'F7E0M84418Y', 'LU'),
('R8', 'S', '883', 'Y'),
('L4', '1', '7', '6A'),
('CS3', '1EC81O79JF0', 'Q5DZS7FKB6C5F0BH77H4A9G3MI6HJGZ5', '35'),
('U9W', 'KGA99LZ', '39A01JDEW8N7T954', 'XL'),
('Q', '24N17TH68353', '7Y', '5'),
('07', 'KH6H', 'LLXP5', '6S'),
('BE', '2G6', '8E3', '9C'),
('V6', '75', 'R4778', 'Z'),
('3AX', 'R1S', '89Y4W8C', 'XI'),
('XAO', '9KU96', 'Q', '5'),
('N0', '0HM320D2B3VKHR0O019TRJ8', 'L9', 'CJ'),
('3PE', 'HNA9', '6', 'A'),
('P', 'AE', 'D02RRCDE1', 'H0'),
('227', 'A0', '42QX', 'M'),
('8D9', '779D6FRASSGZH', '9YL52JLZS6314LV6EFY0I7', 'Z6'),
('7HI', 'E', '57', '04'),
('7U1', 'PR0B08725D', '69RP', 'Z'),
('XJ3', 'AG', 'RJJT33JS9C', 'H0'),
('B91', 'GJ', 'R440N8WZT', 'DU'),
('N2Z', '362T5STBBW', 'L46190FE1', '8S'),
('NT7', '3ACS504JTWBO36U6Z8M5T30ZBVX', '292780WI', 'Z'),
('3P4', 'Q1E0WX7', '72CG', '71'),
('K8', '2', '85', 'NS'),
('G', '3', 'PCU136667Z85LG1911RS55', 'Z6'),
('T52', 'B7RDY19', 'U94JG4324ER2Q186L', 'P'),
('5KZ', 'Y0DVD5HY9M8R3UJ3UT', 'R5709C8HSV7362', '26'),
('DB8', 'W4', 'CUN1', 'E'),
('9M', 'GC94T8Y6I4O4', 'E5JH203', 'RH'),
('LQ6', 'D4TI5977YA7W32W353J4789G', '4TT', 'RH'),
('ZV1', 'AU', '8O4P', NULL),
('RMB', '9968U6E49079IP8', 'EXLLH84E', NULL);

--
-- Inserting data into table client
--
INSERT INTO client(client_id, first_name, middle_name, last_name, phone, email, passport, iata_country_code) VALUES
(2147483647, '7UF5D', 'GD5M', '0P09Z3X50', '7', 'N', 'H', '26'),
(565742035, '851', 'ALZ3', 'TY6H2K0', '9', 'P3P3CBSGG91X8IX3HT', '7I2K', 'J'),
(1414011830, 'DK746KNPD', 'H1', 'H', '4D', '0KT493R5H2F75197F6OXZOX1M8', '1RC86W22Q7CCQ2', '61'),
(780490401, 'JN74QR3F1', '943652D516QO', '3Z', 'B97NC', '932B', '55O7', '10'),
(67280100, 'LI', NULL, '4W4I7EM', 'S5PN', 'Q5', 'Q6', 'YN'),
(282028466, 'VI81BQ8GF', NULL, '000C46C9', '5G97WN', '26M6', 'ZTHMQT', 'Q'),
(565742036, '2EY2S6YFRML83Y83QH', 'HIJE01V4KE6J0Z547474CY7280O3M', 'C0', '6M4IZKA09WI', 'VT45GL8U5J34TX', 'VR', 'Q'),
(1720634702, 'R6VW9', '6U43C', 'CJ8MNU94', '0O', 'U', '9', '3'),
(1935383064, '05K8', '9K', 'T', 'ZX', 'L705C4HKG', 'EY3', 'Q'),
(977429432, '7Q', '2DW5FS', 'O16', '2839C', '7KRRM', 'N83681CXK', 'CJ'),
(780490402, 'Q5A', 'Z9', '8', 'TCWVA48Y', '6A', '01Q3T57ES66XPX3RD27', 'N'),
(67280101, 'PR1896N763L2070T', 'ZSM3DPB63', 'EWDMWP5TL8GTXYZHQ17374W8HKY', 'E8KKA0', '2', 'VCH57HYO', 'UG'),
(1192177798, 'OTW05L6I', '0A8186', 'NK6Q', 'J', 'WS', 'F9V66AX4HFRX14ZZCVX4L45WS3PR', '5'),
(977429433, '5V29', 'RKW62J', 'Y5X8CF9AWM8Z42UI13ZZ8EF', '4', '7', '49', 'Q'),
(1720634703, '82CZ3LAMZE3VQQD002EK', 'PW', '97NV594X8XLE0279EO', '8', '59Y', '073J60061FF0B3I89NK0151PGNQK1F1N', 'UG'),
(1628760196, '770S4W3917941KL', '253', 'J88B4M0GA', 'X8Z8J2', '2B01YV1', '44S51VMIKC14S4QS', '04'),
(282028467, '00865Q4', '9O9OF6OX7UCR', 'Y16GG', 'FPM06TNPC', 'TE', 'ZB0E84J277RK34UD', NULL),
(1414011831, '44G6O4RQESL1VCJ2CRTK', 'U0V', 'IRH0Q998O', 'FMLA9U94XXY1UK69FX', 'Q', 'MX', NULL),
(67280102, 'KF', '2SN8J', 'WB48BN7D8K', '55', '1AT1N', 'Q45Y1WK5HF80', 'MF'),
(1628760197, '132167', '3', 'YQ59V3707DN', '14Q7QIT9T9UBH', 'P2W', 'V9B16642', 'A'),
(1935383065, 'B', '6H8', '8L9', '2Y6JDQSM8', '7IA41JM675C3ST8B1T164G', '2AL', 'Q'),
(1414011832, '4TVZG4T1', '6A7', 'BP', 'D4W4Q87J82', 'U5A2Q1G9011CZG12OH8N55Y3NFNXIFAEQ0', '3L9C5C8Z56J9G8T2H9UAJMHM', '2'),
(1192177799, '8XG7E3950TZPV', '9', '4MU50CQ8KZ5T1PIQ95O', '6F0O24YU', '3H6R734Q74E', '89', 'LU'),
(977429434, '6', '7CY9I423', '2YVBMJ8XKEONVT9K00', '5', '8HH', '8515', '04'),
(565742037, 'U09B4O85', 'Y', '5P3I', 'TZ', '668', '8R40', 'Q'),
(780490403, '35DM', 'DQNBB3BBK3G', 'M', '451XPK814R04IOG0', 'A6665WM0091', '2Q3F4', 'ER'),
(1192177800, 'N', '6S613O', 'Q', 'FO', '57Z92C6', '57IXO4YZXNL', '4'),
(1628760198, '4R75O', '37O6', 'PLWFIU3U497T', 'P0', 'XUS1S4', '3K2T8', 'Q'),
(977429435, 'FIEN145W1G', '9HQ70', 'Y4', 'PT18', 'H4', '626897R', 'DU'),
(1720634704, '478Y1QE11', '06D328F09Q66QJZL6F2U4CVL16', 'LM0ZBG4F3', '3H1KQ0', 'BG5', 'CA3Y', '4'),
(282028468, 'L19X1C', '3E', 'A', '6', '5', 'W25024Y9WZ', 'Q'),
(565742038, '97X', '58H8584RZ16S7CN47Z9', 'A', '0', '24W6MS2R', '5', 'RZ'),
(1414011833, '45O5', 'HYEZR', '680SLWJ4P817O5N8', 'P85', '11', 'W0H2767OW1T', '35'),
(1935383066, '9B44TDF2', '61R2P', '8SM', 'O7', 'K', '2D4S', 'R'),
(780490404, '33U0LH', 'M8228HRL6UWCC', '2A', '8H69ADVS5B43M0Z93', 'U5', 'WF37EQ', 'M'),
(565742039, '449V9PC23', '65333J5GVLN9Q6K175I1', 'HV85QWTG5A374A', 'A2GL6P', '7C9', '62WGP535', 'Z6'),
(780490405, 'Y49T15T', '6P', 'KXPFD', '88W', '6V854G4005XDIZ1', 'HP14874O749BQ8G9', '9X'),
(1628760199, '87T88Z9', 'QSP', '0B55U4JEUG71W9V', '0LJU397J4T', '72', 'I0MZ4386', 'RZ'),
(1414011834, 'V', '4J', '2R24H33Q', 'RF', 'M7IU4LZ', '0S378IX3', 'JV'),
(1628760200, 'C7', 'J00T', '5D7E', 'D9Z54UW1', 'A817PMY', 'S92PU69VZ8A5H5X8', 'Y'),
(1192177801, '9', 'O', '38T82LZAI7V9283S25O7V', '6C80Y954C53OB1JVN66UP', '5TOC', '5Q307P', 'XI'),
(1720634705, 'DM7F20F30R98128127R5MQ4', '4122', '1', 'B4H', '2UDO6', '3', 'UG'),
(67280103, '9I459ZL', 'TR', 'Y56X2LQT6E434V', '3T', 'O9', '5D594', 'PK'),
(1935383067, 'Y25963W140', '6E6', 'KC32RU627SE', 'PD702Z3PIWM', '3', 'F', '9X'),
(977429436, 'IZ', 'NM', '6SHQ', 'V', '1VH2KLBV', '0QKWG3SPAVJ', 'P'),
(1192177802, 'MSP', 'C82T4VRA1', '9', '6D42DKV8K', 'C', '28', 'A'),
(1414011835, 'TY1', '1T54Z93Z47AR68357D884GK4A02', 'P', 'H1', 'ZMR48452S8', 'J87Q21334C9', 'Z'),
(1628760201, '6X7LA9YEUP6AX', '4JE', '922', 'W', '6F037D58P51J', 'N7', 'Z'),
(282028469, '9LW8MMN7RLVYB01XP0CN', '9MXBTC', 'U9VCKT7S273WBPMA1W0', 'XV26B09K94HM', '17', 'U', 'Y'),
(67280104, 'J77Q16XT', '4J2S8MWX911I5ER57G', '82T42X', '7L', '99', 'O281', '7K');

--
-- Inserting data into table aircraftseat
--
INSERT INTO aircraftseat(aircraft_id, seat_id, travel_class_id) VALUES
(214748799, 15176604, 1297297907),
(762898979, 2120671979, 1857496186),
(548150616, 229924966, 442727252),
(762898978, 1659808014, 1857496188),
(1303563041, 1905923619, 2072244546),
(762898985, 2120671983, 1857496186),
(762898984, 15176603, 111482771),
(548150619, 513724965, 326231137),
(1083565144, 229924969, 1027431306),
(1303563040, 1445059651, 1297297908),
(1083565139, 513724961, 1027431303),
(1908000233, 2120671980, 1297297912),
(1908000234, 1659808018, 1512046273),
(1518311404, 728473327, 111482771),
(1303563039, 1659808016, 1027431306),
(2122748596, 944189671, 442727250),
(762898980, 1659808015, 657475616),
(548150618, 513724964, 657475617),
(1083565143, 1905923621, 111482773),
(1518311405, 1158938034, 111482773),
(868816775, 15176602, 1027431303),
(1518311407, 1445059652, 1297297911),
(1303563038, 229924965, 1027431305),
(548150615, 15176600, 326231137),
(1908000232, 728473325, 326231141),
(2122748594, 728473326, 1512046274),
(1083565140, 229924967, 2072244549),
(432, 1158938035, 111482774),
(2122748595, 944189669, 1297297912),
(868816774, 15176601, 326231141),
(868816778, 229924968, 1512046274),
(1518311403, 944189668, 111482775),
(1083565141, 944189670, 326231136),
(1303563042, 728473330, 1857496186),
(762898982, 1659808017, 326231136),
(868816776, 728473328, 326231136),
(762898981, 1445059650, 1027431303),
(548150614, 1905923618, 1242179670),
(548150612, 1445059648, 1242179672),
(548150617, 1158938036, 2072244546),
(868816777, 1905923620, 1242179670),
(1518311406, 513724962, 1512046275),
(1083565142, 513724963, 1027431304),
(868816773, 513724960, 1297297909),
(762898983, 2120671981, 1027431303),
(433, 2120671982, 326231141),
(214748798, 728473329, 1512046273),
(1083565138, 1905923617, 1297297913),
(548150613, 1445059649, NULL),
(2147483647, 2147483647, NULL);

--
-- Inserting data into table direction
--
INSERT INTO direction(origin_iata_airport_code, dest_iata_airport_code) VALUES
('9M', '9M'),
('9', '9'),
('2A5', '2A5'),
('GIZ', 'GIZ'),
('3AX', '3AX'),
('RMB', 'RMB'),
('5KZ', '5KZ'),
('LQ6', 'LQ6'),
('DB8', 'DB8'),
('U9W', 'U9W'),
('MG', 'MG'),
('C', 'C'),
('K8', 'K8'),
('38', '38'),
('R8', 'R8'),
('ZV1', 'ZV1'),
('E96', 'E96'),
('XJ3', 'XJ3'),
('G', 'G'),
('L4', 'L4'),
('XAO', 'XAO'),
('B91', 'B91'),
('C27', 'C27'),
('0', '0'),
('Q37', 'Q37'),
('G7Q', 'G7Q'),
('Q', 'Q'),
('N0', 'N0'),
('07', '07'),
('CS3', 'CS3'),
('T52', 'T52'),
('62', '62'),
('3PE', '3PE'),
('N2Z', 'N2Z'),
('BE', 'BE'),
('P', 'P'),
('Y0K', 'Y0K'),
('Y2', 'Y2'),
('LQY', 'LQY'),
('8D9', '8D9'),
('NT7', 'NT7'),
('V6', 'V6'),
('227', '227'),
('2', '2'),
('7HI', '7HI'),
('3P4', '3P4'),
('7U1', '7U1'),
('JG2', 'JG2'),
('51S', '51S'),
('O', 'O');

--
-- Inserting data into table schedule
--
INSERT INTO schedule(schedule_id, origin_iata_airport_code, dest_iata_airport_code, departure_time_gmt, arrival_time_gmt) VALUES
(1351919322, 'C', 'ZV1', '2008-02-22 16:36:55', '2020-10-16 05:29:21'),
(2147483647, 'Q37', 'V6', '2001-05-06 23:43:12', '1971-01-01 00:01:04'),
(1779412123, 'L4', '2', '2006-07-12 15:23:46', '1980-12-22 05:54:49'),
(1566667688, 'R8', 'V6', '1971-01-01 00:00:59', '1977-08-31 17:53:46'),
(669776202, 'T52', '0', '1991-12-08 11:34:50', '1972-02-05 12:20:03'),
(1351919323, '8D9', 'ZV1', '1977-10-08 20:15:22', '2010-06-23 17:08:38'),
(455027837, 'U9W', '51S', '1973-05-15 10:40:16', '1971-01-01 00:37:23'),
(1043905928, 'L4', '7U1', '2017-01-26 09:37:14', '2000-03-05 05:09:27'),
(669776203, NULL, 'NT7', NULL, '1971-01-01 00:09:06'),
(171486877, 'Y0K', '3P4', '1971-02-13 18:13:20', '2005-04-14 14:01:44'),
(386235243, '0', '7HI', '2010-07-20 01:37:25', '1988-03-03 12:00:32'),
(1566667689, '227', 'JG2', '1980-02-01 06:23:09', '2022-11-22 12:02:01'),
(1994160485, 'E96', 'N0', '1995-12-15 19:32:29', '1971-01-01 00:01:03'),
(171486878, 'Y2', 'N2Z', '2007-04-17 15:14:41', '1981-08-17 02:54:34'),
(386235244, '51S', '7HI', '1971-01-01 00:00:41', '1980-04-11 18:54:44'),
(1351919324, 'N0', '3PE', '1971-01-01 00:00:08', '1971-01-01 00:00:02'),
(1779412124, 'R8', '7U1', '1971-07-30 05:01:18', '1971-11-06 12:47:15'),
(1994160486, '38', '38', '1971-01-01 00:26:02', '1996-06-10 18:36:54'),
(1258654294, 'CS3', 'N0', '1971-01-01 00:00:01', '1971-01-01 01:21:22'),
(171486879, 'K8', '5KZ', '1993-11-11 11:31:41', '1971-01-01 01:53:56'),
(1779412125, 'G7Q', NULL, '2005-09-28 15:57:05', NULL),
(455027838, NULL, 'C27', NULL, '1971-01-01 00:00:10'),
(386235245, 'C', '51S', '2008-08-23 19:44:42', '1971-01-01 00:00:06'),
(1043905929, '9', '7U1', '2015-02-09 08:27:30', '2001-06-15 01:27:26'),
(1566667690, '2A5', '3P4', '1991-04-08 10:08:00', '2009-04-01 09:23:41'),
(1351919325, '3P4', 'ZV1', '1999-09-06 05:40:11', '1978-03-11 08:12:25'),
(669776204, 'B91', 'BE', '1979-12-24 08:14:07', '2017-05-22 01:30:16'),
(1566667691, 'U9W', 'Y0K', '1978-12-26 16:05:39', '2015-08-30 19:08:36'),
(455027839, 'L4', 'G', '1982-02-16 22:18:48', '1971-01-01 00:01:05'),
(171486880, 'Y2', '3P4', '1972-06-16 17:36:29', '1994-08-08 22:45:41'),
(1351919326, 'T52', 'Q37', '1987-01-17 20:25:11', '1981-07-11 14:17:31'),
(1566667692, 'Y2', 'Y2', '2022-07-05 11:48:21', '1971-01-26 03:11:19'),
(1258654295, 'C', '5KZ', '2009-12-21 10:36:17', '1971-02-25 09:05:58'),
(386235246, 'N0', '7HI', '2017-06-03 17:06:14', '1995-05-25 01:02:24'),
(1351919327, '07', 'N2Z', '1971-01-01 00:00:03', '2010-08-04 02:08:11'),
(1566667693, '07', '0', '2016-06-16 08:05:28', '2018-01-14 14:59:33'),
(171486881, 'XJ3', '38', '1984-02-20 22:55:27', '1979-01-02 11:11:47'),
(1043905930, 'U9W', '2', NULL, '1981-05-24 19:58:47'),
(1351919328, 'V6', '2A5', '1971-01-01 00:00:08', '2002-01-08 11:32:22'),
(1258654296, 'DB8', '38', '2015-12-07 19:08:08', '1979-05-15 00:04:02'),
(1566667694, 'JG2', '62', '1982-03-11 10:04:55', '1983-06-15 15:28:11'),
(1994160487, '3AX', 'C', NULL, '1971-01-01 00:01:27'),
(669776205, '8D9', '5KZ', '1971-01-01 00:01:12', '1971-01-01 00:08:19'),
(1043905931, '07', 'K8', NULL, '1971-01-01 00:06:20'),
(455027840, 'T52', 'GIZ', NULL, '1986-10-03 14:54:14'),
(1258654297, 'C', '62', '1976-10-30 13:12:53', '2008-02-17 22:56:55'),
(1043905932, 'Y2', 'BE', '1995-03-15 15:01:29', '2012-01-27 22:40:05'),
(386235247, 'N2Z', 'GIZ', '2022-04-27 11:28:10', '1971-01-01 00:01:01'),
(669776206, 'GIZ', 'B91', '1971-01-01 00:00:03', '1971-01-01 00:16:35'),
(171486882, '227', NULL, '1971-01-01 00:01:04', '1978-12-14 12:49:21');

--
-- Inserting data into table flight
--
INSERT INTO flight(flight_call, schedule_id, flight_status_id) VALUES
(1109804550, 1566667689, 1136583286),
(895056185, 386235246, 525212436),
(1570403174, 1258654294, 1918702708),
(718983012, 386235247, 525212435),
(1109804551, 1351919324, 2147483647),
(1896439640, 171486880, 1572886118),
(2147483647, 1258654295, 1918702706),
(411504763, 455027840, NULL),
(895056186, 1566667689, 2133451068),
(1109804552, 1043905932, 1918702708),
(196756398, 1566667689, 525212433),
(1355654809, 1351919323, 921834921),
(2111188002, 1779412125, 1358137753),
(1570403175, 1258654294, 214748406),
(411504764, 171486881, 40),
(1896439641, 1351919324, 42),
(895056187, 171486879, 2133451069),
(2111188003, 1043905929, 214748408),
(1109804553, 1566667688, 2147483647),
(1355654810, 1994160487, 2147483647),
(895056188, 1566667688, 214748406),
(1570403176, 1994160485, 1918702707),
(196756399, 1351919323, 1918702706),
(1896439642, 1258654297, 1918702709),
(411504765, 386235246, 1572886120),
(1355654811, 1566667692, 739960803),
(1570403177, 1351919322, 739960801),
(2111188004, 669776206, 2133451068),
(1109804554, 669776203, 214748406),
(504234647, 1258654296, 1572886120),
(895056189, NULL, 2133451067),
(196756400, 455027837, 525212436),
(1896439643, 1351919322, 1918702706),
(411504766, 386235243, 1136583288),
(1109804555, 1994160485, 739960800),
(196756401, 1566667694, 525212435),
(895056190, 1258654295, 1136583286),
(2111188005, 1566667694, 2133451068),
(1896439644, NULL, 525212434),
(411504767, 669776204, 1358137753),
(1109804556, 1258654296, 1918702710),
(196756402, 1351919323, 1918702709),
(2111188006, 386235245, 739960800),
(718983013, 669776202, 1358137753),
(895056191, 171486881, 921834925),
(411504768, 455027838, 525212434),
(1355654812, 171486881, 1136583290),
(1109804557, 1351919324, 739960804),
(1570403178, 1351919327, 1136583290),
(504234648, 1566667693, NULL);

--
-- Inserting data into table aircraftinstance
--
INSERT INTO aircraftinstance(aircraft_instance_id, aircraft_id) VALUES
(2147483647, 868816776),
(3, 1303563040),
(708256605, 433),
(1899473612, 1518311405),
(2114221974, 868816776),
(1413210661, NULL),
(493508240, 548150616),
(214748369, 868816777),
(4, 2147483647),
(1627959027, 868816774),
(214748370, 1303563041),
(708256606, 548150612),
(493508241, 868816778),
(5, 1518311403),
(1211044745, 1083565141),
(1413210662, 214748799),
(708256607, 762898985),
(1627959028, 1908000234),
(996296380, 548150619),
(493508242, 2122748594),
(1899473613, 548150617),
(214748371, 1083565140),
(1413210663, 1518311403),
(708256608, 548150613),
(1627959029, 548150615),
(1211044746, 548150616),
(2114221975, 2122748594),
(6, 868816774),
(493508243, 868816777),
(1413210664, 1518311407),
(1627959030, 1083565142),
(708256609, 1083565140),
(1413210665, 548150613),
(1899473614, 1083565138),
(493508244, 2122748596),
(996296381, 762898984),
(1211044747, 762898978),
(214748372, 548150614),
(7, 2122748596),
(2114221976, 548150615),
(214748373, 548150614),
(8, 432),
(708256610, 1083565140),
(1627959031, 2122748594),
(493508245, 548150618),
(1413210666, 868816774),
(1627959032, 762898984),
(996296382, 1518311403),
(1413210667, 1083565144),
(1211044748, NULL);

--
-- Inserting data into table flightseatprice
--
INSERT INTO flightseatprice(flight_call, aircraft_id, seat_id, price_usd) VALUES
(1355654812, 1303563038, 513724960, -471681.1),
(895056186, 1083565144, 513724965, 881.47),
(2111188003, 762898980, 15176602, -740925.86),
(718983012, 1083565142, 2120671981, 5354.59),
(2111188004, 548150618, 1445059649, 936416.37),
(504234648, 548150615, 15176603, 337691.33),
(895056191, 1518311404, 1905923618, 628405.07),
(1109804557, 1518311405, 728473326, -188518.95),
(411504768, 432, 229924968, -926316.74),
(196756399, 1083565139, 1158938035, -12975.11),
(2111188002, 1518311407, 229924967, -620148.61),
(1109804553, 1303563040, 2120671982, -499353.18),
(196756402, 1083565140, 728473325, -244909.22),
(1570403175, 762898978, 1158938034, 28336.31),
(1355654810, 1303563041, 229924969, -448371.51),
(1570403178, 2122748595, 1445059648, 903646.7),
(411504764, 214748798, 229924966, 700281),
(895056190, 868816776, 513724962, 549592.51),
(2111188006, 1083565141, 15176604, 140966.78),
(895056188, 1908000233, 1659808014, -651995.7),
(1109804554, 762898984, 728473329, -446279.26),
(2111188005, 548150619, 2120671980, 731625.44),
(1109804552, 548150614, 1905923621, 422405.26),
(1896439641, 868816774, 944189670, 187773.36),
(1109804551, 1303563039, 1905923617, 996657.09),
(196756398, 868816773, 728473327, -384890.16),
(1896439642, 762898985, 1445059651, 31.61),
(504234647, 548150617, 15176600, -74400.29),
(411504765, 868816778, 1905923619, -126.36),
(1570403176, 1908000232, 1659808017, -893585.8),
(718983013, 548150616, 513724963, -774764.01),
(1896439640, 868816775, 1659808018, 187767.88),
(895056189, 2122748594, 513724961, 6.42),
(1896439644, 1518311406, 1445059650, -904405.03),
(1355654811, 214748799, 229924965, 585901.4),
(196756400, 762898979, 944189671, -662896.8),
(895056187, 762898983, 1659808016, -6396.13),
(1355654809, 548150612, 944189668, -53.72),
(1109804550, 1083565138, 728473330, -255278.65),
(411504766, 868816777, 1905923620, 86.03),
(411504767, 762898981, 2120671983, 814314.93),
(1570403177, 1303563042, 944189669, 153750.22),
(1896439643, 762898982, 1445059652, -311.58),
(2147483647, 2122748596, 1158938036, 753452.61),
(1109804555, 1908000234, 728473328, 899990.34),
(1109804556, 1518311403, 15176601, 588845.78),
(196756401, 1083565143, 1659808015, 424438.52),
(895056185, 433, 2120671979, -212388.82),
(411504763, 2147483647, 2147483647, 311680.58),
(1570403174, 548150613, 513724964, -35900.71);

--
-- Inserting data into table booking
--
INSERT INTO booking(client_id, flight_call, aircraft_id, seat_id) VALUES
(1414011835, 895056190, 1303563038, 1659808017),
(1935383064, 411504768, 548150619, 15176604),
(1414011831, 2111188004, 548150617, 229924969),
(780490401, 1570403176, 1083565138, 1659808016),
(1628760198, 1896439640, 762898978, 2120671979),
(67280104, 411504765, 1518311405, 1905923617),
(977429436, 2111188003, 548150612, 229924968),
(1628760201, 504234647, 1518311404, 2120671981),
(1192177802, 1109804553, 2122748596, 944189669),
(1192177799, 504234648, 1083565139, 728473330),
(1192177798, 1109804551, 868816777, 1659808018),
(67280102, 1109804550, 214748799, 728473329),
(1720634705, 411504767, 762898982, 728473326),
(977429433, 718983012, 214748798, 1445059651),
(1628760197, 1896439644, 1303563040, 944189668);

--
-- Inserting data into table flightaircraftinstance
--
INSERT INTO flightaircraftinstance(flight_call, aircraft_instance_id) VALUES
(1355654812, 1627959032),
(895056186, 4),
(2111188003, 1627959028),
(718983012, 1899473612),
(2111188004, 6),
(504234648, 1211044748),
(895056191, 493508245),
(1109804557, 996296382),
(411504768, 1413210666),
(196756399, 1413210663),
(2111188002, 493508241),
(1109804553, 996296380),
(196756402, 8),
(1570403175, 5),
(1355654810, 493508242),
(1570403178, 1413210667),
(411504764, 1211044745),
(895056190, 1211044747),
(2111188006, 708256610),
(895056188, 1899473613),
(1109804554, 493508243),
(2111188005, 214748372),
(1109804552, 1627959027),
(1896439641, 1413210662),
(1109804551, 2114221974),
(196756398, 214748370),
(1896439642, 708256608),
(504234647, 1413210664),
(411504765, 1627959029),
(1570403176, 214748371),
(718983013, 1627959031),
(1896439640, 1413210661),
(895056189, 1627959030),
(1896439644, 7),
(1355654811, 1211044746),
(196756400, 708256609),
(895056187, 708256607),
(1355654809, 708256606),
(1109804550, 2147483647),
(411504766, 1899473614),
(411504767, 2114221976),
(1570403177, 2114221975),
(1896439643, 1413210665),
(2147483647, 493508240),
(1109804555, 493508244),
(1109804556, 214748373),
(196756401, 996296381),
(895056185, 3),
(411504763, 214748369),
(1570403174, 708256605);

