task_id,start_date,end_date
1,10/14/2022,11/26/2022
2,2/7/2022,2/2/2022
3,6/19/2022,5/18/2022
4,1/13/2022,11/16/2022
5,4/17/2022,1/26/2022
6,8/29/2022,5/15/2022
7,3/10/2022,2/9/2022
8,11/6/2022,11/20/2022
9,5/7/2022,9/7/2022
10,7/16/2022,2/2/2022
11,10/19/2022,4/21/2022
12,10/18/2022,12/8/2022
13,12/26/2021,3/16/2022
14,2/19/2022,4/6/2022
15,1/1/2022,4/9/2022
16,3/13/2022,4/29/2022
17,9/14/2022,4/19/2022
18,8/1/2022,8/1/2022
19,10/29/2022,5/30/2022
20,8/13/2022,2/28/2022
21,3/24/2022,10/23/2022
22,1/25/2022,7/17/2022
23,3/25/2022,11/5/2022
24,7/3/2022,6/14/2022
25,2/16/2022,8/4/2022
26,8/10/2022,6/14/2022
27,8/23/2022,11/10/2022
28,10/3/2022,7/20/2022
29,2/14/2022,10/6/2022
30,10/27/2022,11/25/2022
31,6/1/2022,9/26/2022
32,9/5/2022,8/19/2022
33,11/12/2022,6/25/2022
34,9/21/2022,3/22/2022
35,3/10/2022,7/19/2022
36,12/9/2022,6/16/2022
37,3/22/2022,11/20/2022
38,5/7/2022,7/5/2022
39,9/6/2022,4/20/2022
40,9/24/2022,9/10/2022
41,7/17/2022,4/24/2022
42,5/23/2022,8/11/2022
43,1/9/2022,4/22/2022
44,10/22/2022,9/6/2022
45,1/9/2022,6/18/2022
46,12/4/2022,10/16/2022
47,1/3/2022,5/18/2022
48,5/26/2022,8/22/2022
49,7/10/2022,1/6/2022
50,11/25/2022,4/15/2022
51,8/23/2022,8/31/2022
52,3/19/2022,6/13/2022
53,4/11/2022,4/22/2022
54,1/9/2022,5/12/2022
55,6/23/2022,12/18/2021
56,3/30/2022,10/30/2022
57,11/21/2022,1/25/2022
58,9/13/2022,5/15/2022
59,11/11/2022,12/27/2021
60,1/1/2022,10/3/2022
61,11/21/2022,8/7/2022
62,12/28/2021,6/2/2022
63,7/22/2022,3/21/2022
64,8/24/2022,11/19/2022
65,7/31/2022,3/25/2022
66,1/26/2022,8/26/2022
67,2/28/2022,11/6/2022
68,9/6/2022,11/12/2022
69,9/30/2022,12/3/2022
70,7/14/2022,1/11/2022
71,7/9/2022,1/25/2022
72,7/27/2022,5/31/2022
73,1/26/2022,8/19/2022
74,9/4/2022,11/10/2022
75,12/27/2021,7/16/2022
76,12/31/2021,4/5/2022
77,5/29/2022,5/31/2022
78,9/24/2022,5/26/2022
79,4/18/2022,5/19/2022
80,12/23/2021,6/20/2022
81,2/1/2022,11/26/2022
82,8/19/2022,12/31/2021
83,10/29/2022,8/13/2022
84,7/15/2022,12/1/2022
85,2/6/2022,2/9/2022
86,12/3/2022,2/20/2022
87,11/12/2022,11/29/2022
88,5/4/2022,12/25/2021
89,10/20/2022,9/22/2022
90,8/7/2022,11/7/2022
91,9/13/2022,8/17/2022
92,9/20/2022,4/26/2022
93,12/25/2021,12/4/2022
94,6/7/2022,3/27/2022
95,9/24/2022,7/20/2022
96,9/14/2022,12/26/2021
97,10/8/2022,6/17/2022
98,5/17/2022,12/13/2022
99,6/7/2022,4/21/2022
100,4/25/2022,7/7/2022
101,10/11/2022,1/18/2022
102,1/11/2022,9/22/2022
103,7/21/2022,8/14/2022
104,3/2/2022,12/28/2021
105,8/31/2022,3/21/2022
106,9/2/2022,7/10/2022
107,8/8/2022,3/22/2022
108,2/22/2022,2/16/2022
109,12/7/2022,7/27/2022
110,11/11/2022,6/20/2022
111,5/3/2022,10/15/2022
112,8/24/2022,5/29/2022
113,9/9/2022,12/30/2021
114,8/1/2022,5/30/2022
115,11/30/2022,8/9/2022
116,8/11/2022,10/27/2022
117,3/7/2022,12/28/2021
118,9/18/2022,10/24/2022
119,10/7/2022,2/2/2022
120,3/11/2022,9/21/2022
121,12/16/2021,8/23/2022
122,8/3/2022,5/21/2022
123,1/6/2022,2/4/2022
124,11/11/2022,5/3/2022
125,9/12/2022,10/3/2022
126,5/7/2022,12/14/2022
127,7/29/2022,9/9/2022
128,3/16/2022,1/29/2022
129,3/20/2022,12/6/2022
130,10/26/2022,12/16/2021
131,1/17/2022,11/14/2022
132,7/13/2022,7/29/2022
133,12/3/2022,6/2/2022
134,8/20/2022,12/20/2021
135,3/26/2022,6/6/2022
136,11/12/2022,3/12/2022
137,4/2/2022,8/11/2022
138,12/7/2022,7/21/2022
139,9/17/2022,5/12/2022
140,10/9/2022,11/24/2022
141,2/5/2022,3/16/2022
142,8/13/2022,8/19/2022
143,5/2/2022,9/11/2022
144,2/22/2022,4/4/2022
145,12/30/2021,6/14/2022
146,10/21/2022,1/5/2022
147,7/23/2022,2/5/2022
148,4/1/2022,4/22/2022
149,10/20/2022,8/27/2022
150,12/18/2021,7/8/2022
151,6/10/2022,12/5/2022
152,6/23/2022,5/6/2022
153,3/15/2022,8/12/2022
154,12/14/2022,6/12/2022
155,9/25/2022,3/20/2022
156,6/17/2022,3/18/2022
157,12/7/2022,6/26/2022
158,8/30/2022,12/17/2021
159,10/30/2022,8/29/2022
160,8/1/2022,12/13/2022
161,10/5/2022,10/3/2022
162,7/9/2022,8/5/2022
163,5/14/2022,5/14/2022
164,2/22/2022,12/28/2021
165,4/17/2022,7/13/2022
166,11/18/2022,4/8/2022
167,8/23/2022,12/20/2021
168,5/5/2022,9/17/2022
169,4/27/2022,11/14/2022
170,5/24/2022,2/19/2022
171,7/29/2022,4/21/2022
172,3/20/2022,4/24/2022
173,10/12/2022,3/13/2022
174,2/15/2022,11/3/2022
175,5/6/2022,8/8/2022
176,1/22/2022,11/28/2022
177,8/19/2022,11/18/2022
178,12/28/2021,7/14/2022
179,9/12/2022,11/5/2022
180,3/29/2022,2/19/2022
181,5/26/2022,4/25/2022
182,9/4/2022,6/23/2022
183,3/5/2022,2/5/2022
184,3/12/2022,8/29/2022
185,8/7/2022,12/9/2022
186,4/12/2022,8/13/2022
187,9/28/2022,9/23/2022
188,12/16/2021,2/11/2022
189,7/6/2022,3/9/2022
190,9/11/2022,5/10/2022
191,1/29/2022,10/6/2022
192,12/9/2022,12/28/2021
193,5/8/2022,11/16/2022
194,10/23/2022,5/9/2022
195,9/1/2022,9/27/2022
196,1/27/2022,4/19/2022
197,11/28/2022,10/9/2022
198,10/3/2022,9/21/2022
199,1/24/2022,4/8/2022
200,12/20/2021,6/21/2022
201,1/27/2022,4/22/2022
202,8/10/2022,8/1/2022
203,12/29/2021,7/6/2022
204,8/28/2022,2/18/2022
205,12/26/2021,7/9/2022
206,11/11/2022,1/13/2022
207,2/3/2022,1/5/2022
208,12/24/2021,6/18/2022
209,4/2/2022,7/28/2022
210,1/22/2022,11/3/2022
211,3/15/2022,7/14/2022
212,6/25/2022,8/1/2022
213,9/25/2022,1/23/2022
214,8/2/2022,12/29/2021
215,7/26/2022,7/18/2022
216,7/14/2022,11/29/2022
217,8/4/2022,11/21/2022
218,2/15/2022,4/20/2022
219,1/8/2022,12/30/2021
220,8/15/2022,9/11/2022
221,12/1/2022,11/6/2022
222,1/18/2022,9/5/2022
223,6/17/2022,11/25/2022
224,12/4/2022,8/30/2022
225,2/9/2022,10/12/2022
226,10/22/2022,5/13/2022
227,12/20/2021,5/30/2022
228,2/18/2022,12/25/2021
229,11/15/2022,3/24/2022
230,3/4/2022,7/29/2022
231,2/4/2022,3/8/2022
232,4/25/2022,4/10/2022
233,6/30/2022,6/11/2022
234,8/20/2022,10/2/2022
235,2/23/2022,2/28/2022
236,5/16/2022,3/11/2022
237,6/22/2022,3/4/2022
238,9/6/2022,12/30/2021
239,8/1/2022,9/4/2022
240,8/19/2022,8/21/2022
241,10/23/2022,4/16/2022
242,6/27/2022,1/14/2022
243,7/29/2022,6/19/2022
244,5/9/2022,10/9/2022
245,8/19/2022,2/2/2022
246,11/8/2022,7/13/2022
247,1/22/2022,11/22/2022
248,7/2/2022,3/11/2022
249,12/26/2021,9/7/2022
250,2/25/2022,11/28/2022
251,3/27/2022,6/18/2022
252,3/23/2022,12/30/2021
253,4/1/2022,8/25/2022
254,11/1/2022,3/9/2022
255,4/5/2022,9/16/2022
256,3/5/2022,2/16/2022
257,6/3/2022,4/9/2022
258,5/3/2022,5/26/2022
259,5/14/2022,2/24/2022
260,12/17/2021,2/2/2022
261,1/3/2022,6/3/2022
262,3/19/2022,1/28/2022
263,7/20/2022,10/18/2022
264,10/24/2022,12/31/2021
265,11/17/2022,4/7/2022
266,6/17/2022,10/3/2022
267,2/9/2022,1/4/2022
268,2/1/2022,12/31/2021
269,3/29/2022,8/20/2022
270,9/8/2022,11/18/2022
271,11/15/2022,9/17/2022
272,5/28/2022,2/5/2022
273,2/20/2022,9/24/2022
274,11/7/2022,5/13/2022
275,1/16/2022,11/16/2022
276,10/15/2022,10/30/2022
277,9/16/2022,10/6/2022
278,10/11/2022,10/8/2022
279,4/21/2022,6/16/2022
280,4/5/2022,11/24/2022
281,11/9/2022,1/27/2022
282,10/23/2022,8/1/2022
283,3/21/2022,11/25/2022
284,7/15/2022,11/11/2022
285,4/11/2022,7/15/2022
286,11/19/2022,1/29/2022
287,1/19/2022,9/22/2022
288,11/18/2022,6/16/2022
289,6/30/2022,9/3/2022
290,11/14/2022,2/20/2022
291,3/3/2022,9/4/2022
292,11/4/2022,6/21/2022
293,7/28/2022,6/15/2022
294,8/29/2022,7/11/2022
295,9/1/2022,11/27/2022
296,9/17/2022,8/3/2022
297,5/31/2022,10/17/2022
298,12/16/2021,10/9/2022
299,6/12/2022,1/21/2022
300,11/21/2022,9/13/2022
301,9/2/2022,11/1/2022
302,4/13/2022,12/6/2022
303,9/23/2022,10/18/2022
304,8/3/2022,2/24/2022
305,1/13/2022,12/12/2022
306,4/6/2022,3/2/2022
307,2/11/2022,3/7/2022
308,10/7/2022,12/1/2022
309,3/29/2022,9/11/2022
310,6/13/2022,5/1/2022
311,10/6/2022,1/31/2022
312,2/9/2022,8/30/2022
313,3/7/2022,3/15/2022
314,12/15/2022,7/30/2022
315,1/13/2022,8/8/2022
316,1/9/2022,10/20/2022
317,9/5/2022,10/19/2022
318,6/1/2022,9/29/2022
319,6/11/2022,6/15/2022
320,11/21/2022,10/15/2022
321,7/29/2022,2/16/2022
322,5/3/2022,9/23/2022
323,3/29/2022,1/2/2022
324,11/26/2022,11/20/2022
325,8/8/2022,3/5/2022
326,8/1/2022,5/14/2022
327,2/8/2022,12/27/2021
328,4/22/2022,11/22/2022
329,6/17/2022,11/11/2022
330,9/22/2022,8/20/2022
331,7/8/2022,11/22/2022
332,7/14/2022,5/30/2022
333,2/17/2022,10/1/2022
334,4/30/2022,1/29/2022
335,11/15/2022,11/1/2022
336,4/20/2022,12/11/2022
337,5/25/2022,4/26/2022
338,11/14/2022,12/22/2021
339,5/29/2022,2/23/2022
340,1/21/2022,8/18/2022
341,5/10/2022,12/21/2021
342,2/19/2022,7/11/2022
343,11/17/2022,1/29/2022
344,4/28/2022,5/12/2022
345,9/15/2022,3/10/2022
346,3/18/2022,2/17/2022
347,12/15/2022,12/24/2021
348,2/21/2022,12/31/2021
349,2/28/2022,1/24/2022
350,5/3/2022,3/1/2022
351,6/23/2022,6/17/2022
352,11/24/2022,7/12/2022
353,9/22/2022,9/28/2022
354,7/19/2022,3/17/2022
355,3/30/2022,7/14/2022
356,1/7/2022,12/5/2022
357,7/4/2022,8/13/2022
358,10/13/2022,3/7/2022
359,3/7/2022,1/23/2022
360,12/30/2021,9/15/2022
361,5/2/2022,1/17/2022
362,2/1/2022,6/26/2022
363,11/1/2022,5/22/2022
364,2/7/2022,7/10/2022
365,9/25/2022,6/7/2022
366,2/10/2022,12/25/2021
367,4/15/2022,6/1/2022
368,3/6/2022,1/22/2022
369,8/22/2022,11/23/2022
370,3/27/2022,5/8/2022
371,7/2/2022,5/10/2022
372,12/5/2022,7/17/2022
373,2/20/2022,3/18/2022
374,4/6/2022,12/17/2021
375,10/31/2022,7/7/2022
376,6/5/2022,11/29/2022
377,10/5/2022,4/13/2022
378,11/17/2022,2/21/2022
379,11/11/2022,10/7/2022
380,11/18/2022,7/27/2022
381,1/23/2022,11/25/2022
382,10/22/2022,6/11/2022
383,6/2/2022,6/1/2022
384,10/2/2022,6/30/2022
385,8/15/2022,4/10/2022
386,3/17/2022,6/20/2022
387,1/28/2022,10/2/2022
388,10/20/2022,3/24/2022
389,3/18/2022,5/22/2022
390,2/20/2022,7/13/2022
391,6/14/2022,10/5/2022
392,7/18/2022,12/21/2021
393,9/12/2022,10/13/2022
394,6/23/2022,9/25/2022
395,12/26/2021,6/21/2022
396,11/4/2022,3/30/2022
397,8/24/2022,11/5/2022
398,11/8/2022,4/22/2022
399,7/26/2022,4/30/2022
400,8/4/2022,3/21/2022
401,11/26/2022,1/5/2022
402,3/21/2022,2/8/2022
403,9/6/2022,1/23/2022
404,12/14/2022,8/11/2022
405,9/30/2022,12/7/2022
406,4/23/2022,5/17/2022
407,9/6/2022,4/28/2022
408,7/14/2022,8/7/2022
409,2/6/2022,6/20/2022
410,10/24/2022,10/12/2022
411,12/5/2022,4/29/2022
412,10/7/2022,10/2/2022
413,3/15/2022,5/30/2022
414,5/28/2022,8/24/2022
415,12/31/2021,2/10/2022
416,8/23/2022,2/21/2022
417,1/1/2022,8/27/2022
418,2/23/2022,4/22/2022
419,2/15/2022,4/4/2022
420,5/28/2022,3/14/2022
421,1/25/2022,1/3/2022
422,1/8/2022,12/24/2021
423,2/10/2022,1/30/2022
424,1/3/2022,11/21/2022
425,6/18/2022,10/24/2022
426,6/16/2022,3/1/2022
427,11/18/2022,1/16/2022
428,5/22/2022,4/4/2022
429,2/3/2022,7/31/2022
430,7/28/2022,8/8/2022
431,8/27/2022,7/19/2022
432,5/27/2022,12/16/2021
433,5/19/2022,5/14/2022
434,8/11/2022,12/22/2021
435,3/2/2022,10/4/2022
436,9/10/2022,5/9/2022
437,2/1/2022,6/8/2022
438,5/10/2022,3/19/2022
439,2/9/2022,3/3/2022
440,5/23/2022,7/19/2022
441,12/13/2022,2/1/2022
442,6/2/2022,11/1/2022
443,2/5/2022,6/17/2022
444,2/15/2022,10/18/2022
445,4/2/2022,2/21/2022
446,8/13/2022,12/23/2021
447,8/23/2022,5/27/2022
448,12/18/2021,10/4/2022
449,4/13/2022,12/17/2021
450,9/6/2022,7/8/2022
451,4/16/2022,3/25/2022
452,4/4/2022,10/10/2022
453,1/23/2022,2/4/2022
454,12/20/2021,1/1/2022
455,11/19/2022,8/14/2022
456,8/2/2022,9/14/2022
457,3/21/2022,4/27/2022
458,7/8/2022,4/12/2022
459,3/31/2022,9/12/2022
460,5/25/2022,6/29/2022
461,6/21/2022,5/3/2022
462,4/28/2022,12/27/2021
463,5/14/2022,10/13/2022
464,11/6/2022,3/9/2022
465,5/24/2022,7/31/2022
466,4/18/2022,1/16/2022
467,9/12/2022,2/23/2022
468,8/26/2022,11/24/2022
469,8/31/2022,7/1/2022
470,3/28/2022,1/26/2022
471,2/15/2022,1/1/2022
472,8/13/2022,11/20/2022
473,5/9/2022,12/10/2022
474,7/28/2022,4/5/2022
475,5/16/2022,6/5/2022
476,6/27/2022,8/12/2022
477,1/21/2022,11/5/2022
478,8/6/2022,10/23/2022
479,3/7/2022,4/21/2022
480,1/30/2022,10/7/2022
481,4/26/2022,8/23/2022
482,5/5/2022,7/2/2022
483,7/3/2022,1/3/2022
484,2/9/2022,3/16/2022
485,1/18/2022,6/1/2022
486,9/13/2022,11/27/2022
487,6/30/2022,4/26/2022
488,12/16/2021,1/29/2022
489,11/22/2022,5/1/2022
490,9/14/2022,8/18/2022
491,6/19/2022,2/4/2022
492,11/7/2022,8/3/2022
493,4/7/2022,4/17/2022
494,9/25/2022,7/14/2022
495,7/24/2022,2/9/2022
496,2/24/2022,5/7/2022
497,10/1/2022,4/2/2022
498,10/30/2022,2/15/2022
499,7/1/2022,3/29/2022
500,10/15/2022,5/20/2022
501,2/11/2022,9/3/2022
502,4/10/2022,12/23/2021
503,5/11/2022,9/10/2022
504,10/23/2022,6/16/2022
505,8/14/2022,12/19/2021
506,10/1/2022,9/11/2022
507,2/16/2022,8/15/2022
508,1/23/2022,7/6/2022
509,12/10/2022,2/7/2022
510,7/14/2022,7/9/2022
511,2/4/2022,9/4/2022
512,5/16/2022,7/17/2022
513,7/14/2022,8/27/2022
514,11/25/2022,3/5/2022
515,2/20/2022,5/13/2022
516,11/5/2022,7/12/2022
517,1/18/2022,6/21/2022
518,5/3/2022,1/3/2022
519,5/23/2022,10/31/2022
520,1/2/2022,8/24/2022
521,9/21/2022,3/19/2022
522,8/22/2022,9/2/2022
523,8/15/2022,11/12/2022
524,3/24/2022,9/21/2022
525,12/20/2021,12/4/2022
526,12/27/2021,12/9/2022
527,1/4/2022,7/15/2022
528,7/1/2022,9/5/2022
529,8/10/2022,2/25/2022
530,1/25/2022,8/8/2022
531,10/15/2022,12/12/2022
532,11/25/2022,5/21/2022
533,12/15/2022,1/26/2022
534,10/18/2022,10/14/2022
535,2/14/2022,1/9/2022
536,6/16/2022,1/22/2022
537,11/8/2022,4/16/2022
538,7/23/2022,7/10/2022
539,6/6/2022,12/31/2021
540,4/27/2022,7/17/2022
541,7/17/2022,11/14/2022
542,3/20/2022,12/25/2021
543,9/20/2022,8/19/2022
544,4/8/2022,3/28/2022
545,7/12/2022,11/12/2022
546,6/14/2022,10/13/2022
547,7/10/2022,4/15/2022
548,1/17/2022,3/1/2022
549,4/27/2022,10/3/2022
550,3/25/2022,9/7/2022
551,5/7/2022,12/11/2022
552,8/3/2022,10/2/2022
553,5/14/2022,10/27/2022
554,1/25/2022,12/21/2021
555,8/23/2022,10/4/2022
556,6/28/2022,3/15/2022
557,7/7/2022,10/8/2022
558,1/3/2022,11/10/2022
559,1/21/2022,2/1/2022
560,8/27/2022,1/5/2022
561,11/23/2022,5/14/2022
562,8/29/2022,2/23/2022
563,3/10/2022,11/30/2022
564,10/25/2022,5/18/2022
565,11/29/2022,1/31/2022
566,5/9/2022,10/19/2022
567,5/8/2022,1/18/2022
568,3/22/2022,10/2/2022
569,9/5/2022,3/17/2022
570,4/6/2022,8/31/2022
571,12/10/2022,6/8/2022
572,2/24/2022,7/7/2022
573,10/7/2022,1/27/2022
574,12/24/2021,1/23/2022
575,9/22/2022,6/5/2022
576,3/20/2022,9/25/2022
577,11/10/2022,1/1/2022
578,12/21/2021,9/9/2022
579,3/25/2022,9/6/2022
580,6/20/2022,6/3/2022
581,5/6/2022,7/9/2022
582,7/14/2022,4/23/2022
583,8/19/2022,2/24/2022
584,12/30/2021,3/11/2022
585,4/16/2022,9/20/2022
586,1/15/2022,11/26/2022
587,2/6/2022,1/8/2022
588,10/2/2022,4/12/2022
589,3/3/2022,3/11/2022
590,4/6/2022,1/21/2022
591,5/4/2022,1/20/2022
592,1/28/2022,1/8/2022
593,9/29/2022,7/12/2022
594,4/28/2022,7/22/2022
595,9/21/2022,3/10/2022
596,11/28/2022,5/5/2022
597,4/27/2022,12/26/2021
598,10/3/2022,1/15/2022
599,6/8/2022,12/7/2022
600,1/4/2022,2/5/2022
601,10/4/2022,2/2/2022
602,11/9/2022,11/28/2022
603,2/27/2022,12/15/2022
604,2/17/2022,10/16/2022
605,6/30/2022,11/22/2022
606,7/28/2022,4/13/2022
607,5/17/2022,9/1/2022
608,6/22/2022,3/31/2022
609,11/22/2022,1/8/2022
610,6/17/2022,12/29/2021
611,9/18/2022,12/6/2022
612,3/28/2022,12/12/2022
613,8/8/2022,9/16/2022
614,11/22/2022,6/10/2022
615,12/24/2021,11/7/2022
616,10/17/2022,6/26/2022
617,9/15/2022,2/7/2022
618,8/22/2022,10/16/2022
619,1/24/2022,3/4/2022
620,9/12/2022,9/26/2022
621,6/3/2022,2/25/2022
622,12/2/2022,1/7/2022
623,2/1/2022,9/2/2022
624,3/4/2022,10/12/2022
625,10/2/2022,2/1/2022
626,11/29/2022,1/20/2022
627,1/22/2022,5/23/2022
628,4/27/2022,10/29/2022
629,5/24/2022,7/29/2022
630,4/27/2022,12/5/2022
631,3/31/2022,5/5/2022
632,1/7/2022,3/12/2022
633,2/15/2022,6/26/2022
634,3/25/2022,11/8/2022
635,2/3/2022,7/30/2022
636,4/14/2022,1/9/2022
637,8/24/2022,6/11/2022
638,6/28/2022,12/20/2021
639,5/4/2022,6/9/2022
640,4/21/2022,2/8/2022
641,3/25/2022,5/17/2022
642,7/2/2022,5/29/2022
643,1/31/2022,5/14/2022
644,4/27/2022,6/20/2022
645,4/2/2022,6/15/2022
646,11/14/2022,8/17/2022
647,2/8/2022,9/22/2022
648,11/1/2022,12/24/2021
649,7/16/2022,9/26/2022
650,3/20/2022,9/18/2022
651,10/18/2022,12/23/2021
652,6/6/2022,12/4/2022
653,5/31/2022,3/30/2022
654,3/8/2022,7/29/2022
655,8/24/2022,10/11/2022
656,1/1/2022,7/13/2022
657,6/18/2022,1/24/2022
658,3/11/2022,10/25/2022
659,6/17/2022,1/17/2022
660,1/11/2022,7/5/2022
661,12/7/2022,2/26/2022
662,8/2/2022,5/6/2022
663,6/27/2022,1/1/2022
664,6/13/2022,4/29/2022
665,6/20/2022,2/21/2022
666,9/26/2022,8/16/2022
667,11/1/2022,12/10/2022
668,7/18/2022,10/20/2022
669,7/10/2022,8/26/2022
670,6/29/2022,6/30/2022
671,9/30/2022,12/11/2022
672,4/26/2022,12/18/2021
673,12/24/2021,10/30/2022
674,12/29/2021,9/18/2022
675,9/26/2022,11/10/2022
676,2/25/2022,4/10/2022
677,10/17/2022,3/4/2022
678,6/29/2022,11/11/2022
679,1/14/2022,9/19/2022
680,4/22/2022,8/27/2022
681,10/21/2022,6/14/2022
682,9/8/2022,4/18/2022
683,4/6/2022,3/21/2022
684,9/13/2022,2/15/2022
685,9/7/2022,8/8/2022
686,5/10/2022,6/14/2022
687,7/1/2022,11/14/2022
688,4/25/2022,8/4/2022
689,2/20/2022,9/19/2022
690,11/3/2022,12/31/2021
691,7/15/2022,4/1/2022
692,9/8/2022,7/10/2022
693,8/13/2022,1/29/2022
694,8/11/2022,7/10/2022
695,9/24/2022,11/16/2022
696,11/28/2022,6/20/2022
697,12/24/2021,6/25/2022
698,5/3/2022,3/9/2022
699,7/31/2022,10/14/2022
700,8/13/2022,5/26/2022
701,4/14/2022,9/13/2022
702,2/26/2022,11/15/2022
703,7/2/2022,2/25/2022
704,4/25/2022,2/26/2022
705,6/22/2022,1/12/2022
706,6/16/2022,7/7/2022
707,11/26/2022,1/3/2022
708,2/20/2022,4/9/2022
709,5/10/2022,9/2/2022
710,6/1/2022,3/23/2022
711,7/6/2022,11/29/2022
712,3/16/2022,3/17/2022
713,7/14/2022,3/5/2022
714,11/11/2022,7/8/2022
715,9/13/2022,4/16/2022
716,6/23/2022,11/5/2022
717,5/18/2022,6/3/2022
718,7/20/2022,10/8/2022
719,6/23/2022,4/22/2022
720,7/13/2022,9/2/2022
721,8/21/2022,7/13/2022
722,4/14/2022,11/13/2022
723,7/22/2022,5/6/2022
724,11/1/2022,4/2/2022
725,6/24/2022,6/15/2022
726,11/20/2022,10/8/2022
727,9/24/2022,8/18/2022
728,8/3/2022,1/31/2022
729,8/20/2022,6/4/2022
730,11/22/2022,12/17/2021
731,1/11/2022,2/17/2022
732,6/28/2022,11/1/2022
733,6/27/2022,7/13/2022
734,8/17/2022,2/6/2022
735,7/18/2022,6/26/2022
736,4/29/2022,5/23/2022
737,1/15/2022,3/12/2022
738,1/24/2022,12/4/2022
739,8/15/2022,10/20/2022
740,8/14/2022,5/20/2022
741,9/15/2022,9/6/2022
742,6/16/2022,3/9/2022
743,6/17/2022,5/20/2022
744,6/26/2022,10/10/2022
745,10/13/2022,8/11/2022
746,3/28/2022,10/27/2022
747,6/7/2022,10/28/2022
748,11/22/2022,12/29/2021
749,3/13/2022,11/23/2022
750,10/16/2022,7/13/2022
751,10/13/2022,12/26/2021
752,4/19/2022,3/11/2022
753,6/17/2022,1/2/2022
754,6/17/2022,7/14/2022
755,1/31/2022,7/15/2022
756,8/20/2022,5/5/2022
757,4/10/2022,8/16/2022
758,4/22/2022,2/21/2022
759,2/26/2022,6/19/2022
760,5/13/2022,6/22/2022
761,11/3/2022,9/15/2022
762,2/23/2022,1/29/2022
763,1/15/2022,12/11/2022
764,11/11/2022,3/22/2022
765,8/12/2022,4/3/2022
766,3/28/2022,3/24/2022
767,9/11/2022,5/12/2022
768,12/13/2022,12/4/2022
769,2/8/2022,4/24/2022
770,5/4/2022,5/10/2022
771,6/24/2022,10/13/2022
772,10/22/2022,8/3/2022
773,11/22/2022,2/28/2022
774,6/18/2022,9/29/2022
775,11/30/2022,10/1/2022
776,1/9/2022,4/21/2022
777,11/6/2022,1/17/2022
778,7/26/2022,5/18/2022
779,6/8/2022,12/23/2021
780,5/27/2022,11/18/2022
781,12/22/2021,5/28/2022
782,6/3/2022,7/19/2022
783,9/6/2022,9/30/2022
784,9/13/2022,9/12/2022
785,10/21/2022,8/9/2022
786,5/13/2022,10/2/2022
787,8/1/2022,11/8/2022
788,7/19/2022,4/17/2022
789,7/18/2022,6/17/2022
790,2/7/2022,4/17/2022
791,7/1/2022,9/3/2022
792,12/26/2021,2/22/2022
793,9/6/2022,9/3/2022
794,3/29/2022,5/14/2022
795,1/13/2022,6/25/2022
796,3/25/2022,3/15/2022
797,11/22/2022,11/9/2022
798,9/17/2022,3/24/2022
799,11/18/2022,6/4/2022
800,12/18/2021,2/18/2022
801,6/22/2022,7/7/2022
802,9/22/2022,2/1/2022
803,3/7/2022,1/5/2022
804,1/21/2022,5/31/2022
805,1/17/2022,8/19/2022
806,10/28/2022,7/6/2022
807,12/23/2021,6/15/2022
808,6/22/2022,5/6/2022
809,12/10/2022,9/15/2022
810,1/1/2022,5/5/2022
811,10/30/2022,6/25/2022
812,9/30/2022,8/29/2022
813,11/24/2022,8/8/2022
814,6/22/2022,12/21/2021
815,5/19/2022,5/6/2022
816,11/26/2022,6/14/2022
817,10/3/2022,11/17/2022
818,10/25/2022,5/26/2022
819,5/16/2022,4/9/2022
820,5/10/2022,12/8/2022
821,4/6/2022,4/22/2022
822,8/13/2022,1/18/2022
823,1/28/2022,3/28/2022
824,8/30/2022,4/9/2022
825,10/3/2022,2/25/2022
826,3/26/2022,10/6/2022
827,8/21/2022,9/10/2022
828,8/18/2022,8/22/2022
829,8/4/2022,4/8/2022
830,5/14/2022,12/23/2021
831,6/1/2022,4/12/2022
832,2/22/2022,2/6/2022
833,2/3/2022,11/22/2022
834,1/5/2022,4/7/2022
835,1/20/2022,12/5/2022
836,5/21/2022,12/14/2022
837,8/4/2022,5/19/2022
838,7/5/2022,3/22/2022
839,7/31/2022,12/16/2021
840,11/25/2022,12/24/2021
841,6/23/2022,8/14/2022
842,12/10/2022,7/16/2022
843,3/8/2022,9/26/2022
844,11/28/2022,5/14/2022
845,11/26/2022,3/19/2022
846,5/4/2022,8/6/2022
847,2/14/2022,3/17/2022
848,6/16/2022,2/16/2022
849,7/16/2022,6/3/2022
850,1/18/2022,9/2/2022
851,8/14/2022,8/16/2022
852,9/27/2022,5/22/2022
853,10/17/2022,6/23/2022
854,6/13/2022,5/27/2022
855,5/28/2022,6/12/2022
856,2/3/2022,12/13/2022
857,7/5/2022,8/2/2022
858,10/16/2022,9/25/2022
859,9/26/2022,12/21/2021
860,7/9/2022,11/26/2022
861,4/8/2022,8/1/2022
862,7/12/2022,12/3/2022
863,2/2/2022,3/27/2022
864,10/17/2022,3/26/2022
865,8/14/2022,12/2/2022
866,1/16/2022,8/27/2022
867,7/15/2022,2/16/2022
868,6/8/2022,2/25/2022
869,9/4/2022,6/22/2022
870,12/23/2021,2/27/2022
871,12/11/2022,9/2/2022
872,12/20/2021,6/28/2022
873,2/10/2022,10/11/2022
874,1/13/2022,4/15/2022
875,9/29/2022,1/4/2022
876,10/6/2022,6/12/2022
877,1/20/2022,7/6/2022
878,7/7/2022,6/1/2022
879,1/21/2022,1/15/2022
880,12/16/2021,6/20/2022
881,9/5/2022,3/27/2022
882,9/5/2022,7/13/2022
883,2/16/2022,8/30/2022
884,3/6/2022,12/13/2022
885,5/23/2022,8/2/2022
886,11/26/2022,9/18/2022
887,11/25/2022,6/29/2022
888,1/30/2022,11/10/2022
889,11/1/2022,11/4/2022
890,3/14/2022,11/6/2022
891,7/1/2022,4/17/2022
892,5/21/2022,12/2/2022
893,1/14/2022,12/5/2022
894,7/9/2022,4/10/2022
895,4/1/2022,10/2/2022
896,10/11/2022,5/4/2022
897,10/18/2022,3/8/2022
898,2/22/2022,5/1/2022
899,8/12/2022,1/1/2022
900,10/13/2022,1/9/2022
901,2/17/2022,6/22/2022
902,1/24/2022,2/19/2022
903,8/24/2022,7/6/2022
904,11/24/2022,12/7/2022
905,6/5/2022,7/8/2022
906,7/16/2022,7/9/2022
907,7/2/2022,9/24/2022
908,3/21/2022,9/30/2022
909,10/5/2022,7/10/2022
910,7/3/2022,11/29/2022
911,8/28/2022,4/6/2022
912,4/8/2022,7/11/2022
913,11/23/2022,12/20/2021
914,10/31/2022,10/25/2022
915,11/12/2022,9/26/2022
916,9/22/2022,8/3/2022
917,2/21/2022,7/6/2022
918,6/27/2022,2/1/2022
919,8/26/2022,11/16/2022
920,12/22/2021,10/14/2022
921,4/24/2022,11/9/2022
922,7/10/2022,12/16/2021
923,4/2/2022,9/22/2022
924,10/6/2022,11/20/2022
925,11/24/2022,1/23/2022
926,6/28/2022,8/22/2022
927,2/24/2022,3/16/2022
928,10/10/2022,5/26/2022
929,5/19/2022,4/3/2022
930,10/15/2022,7/19/2022
931,10/18/2022,6/6/2022
932,8/27/2022,5/2/2022
933,5/13/2022,4/17/2022
934,7/21/2022,8/10/2022
935,11/5/2022,8/11/2022
936,12/24/2021,3/9/2022
937,9/11/2022,8/24/2022
938,7/22/2022,1/6/2022
939,5/20/2022,9/5/2022
940,3/27/2022,12/25/2021
941,2/12/2022,1/2/2022
942,7/17/2022,5/19/2022
943,3/3/2022,1/11/2022
944,2/1/2022,12/6/2022
945,9/3/2022,3/14/2022
946,7/25/2022,10/25/2022
947,11/10/2022,1/6/2022
948,1/7/2022,1/12/2022
949,4/27/2022,8/8/2022
950,6/25/2022,1/18/2022
951,6/15/2022,8/5/2022
952,12/9/2022,9/2/2022
953,2/18/2022,8/4/2022
954,3/27/2022,12/25/2021
955,11/15/2022,11/25/2022
956,2/27/2022,7/4/2022
957,12/15/2022,7/18/2022
958,8/23/2022,10/21/2022
959,3/18/2022,3/16/2022
960,10/29/2022,2/1/2022
961,9/29/2022,1/25/2022
962,11/27/2022,11/13/2022
963,1/6/2022,8/20/2022
964,3/16/2022,8/5/2022
965,9/30/2022,8/21/2022
966,8/5/2022,7/7/2022
967,4/15/2022,6/3/2022
968,8/28/2022,1/24/2022
969,9/7/2022,8/30/2022
970,5/23/2022,10/29/2022
971,12/29/2021,12/19/2021
972,3/23/2022,6/24/2022
973,10/17/2022,7/23/2022
974,9/3/2022,7/7/2022
975,5/10/2022,5/17/2022
976,7/1/2022,2/1/2022
977,6/20/2022,7/15/2022
978,7/11/2022,8/11/2022
979,12/21/2021,12/19/2021
980,9/6/2022,10/2/2022
981,6/26/2022,12/25/2021
982,12/12/2022,8/24/2022
983,9/18/2022,11/25/2022
984,11/25/2022,9/12/2022
985,1/10/2022,2/12/2022
986,7/28/2022,7/1/2022
987,3/21/2022,7/1/2022
988,5/5/2022,9/30/2022
989,12/18/2021,8/30/2022
990,9/6/2022,3/9/2022
991,9/11/2022,9/29/2022
992,6/17/2022,12/3/2022
993,11/1/2022,12/30/2021
994,3/20/2022,5/8/2022
995,1/7/2022,5/26/2022
996,8/10/2022,6/19/2022
997,9/14/2022,8/20/2022
998,5/20/2022,9/16/2022
999,11/9/2022,6/5/2022
1000,4/19/2022,8/30/2022
